url,domain,trust_score,numero_reviews,estrellas,nombre,status,fuente
https://www.trustpilot.com/review/amazon.com,amazon.com,1.7,47060.0,1.5,Amazon,ok,__NEXT_DATA__
https://www.trustpilot.com/review/booking.com,booking.com,1.6,120362.0,1.5,Booking.com,ok,__NEXT_DATA__
https://www.trustpilot.com/review/www.google.com,www.google.com,2.3,10027.0,2.5,Google,ok,__NEXT_DATA__
https://www.trustpilot.com/review/trustpilot.com,trustpilot.com,4.4,511666.0,4.5,Trustpilot,ok,__NEXT_DATA__
https://www.trustpilot.com/review/2captcha.com,2captcha.com,4.0,2655.0,4.0,2captcha,ok,__NEXT_DATA__
https://www.trustpilot.com/review/5surveys.com,5surveys.com,1.5,137.0,1.5,5surveys,ok,__NEXT_DATA__
https://www.trustpilot.com/review/cashgiraffe.com,cashgiraffe.com,4.5,1304.0,4.5,Cash Giraffe,ok,__NEXT_DATA__
https://www.trustpilot.com/review/attapoll.app,attapoll.app,2.2,236.0,2.0,Attapoll,ok,__NEXT_DATA__
https://www.trustpilot.com/review/babel.audio,babel.audio,3.9,92.0,4.0,Babel Audio,ok,__NEXT_DATA__
https://www.trustpilot.com/review/surveys.gobranded.com,surveys.gobranded.com,4.2,121104.0,4.0,Branded Surveys,ok,__NEXT_DATA__
https://www.trustpilot.com/review/cashwalk.us,cashwalk.us,1.5,85.0,1.5,Cashwalk,ok,__NEXT_DATA__
https://www.trustpilot.com/review/clickworker.com,clickworker.com,2.6,3129.0,2.5,clickworker,ok,__NEXT_DATA__
https://www.trustpilot.com/review/earnapp.com,earnapp.com,4.3,825.0,4.5,Earnapp,ok,__NEXT_DATA__
https://www.trustpilot.com/review/evidation.com,evidation.com,2.0,13.0,2.0,evidation.com,ok,__NEXT_DATA__
https://www.trustpilot.com/review/www.fiverr.com,www.fiverr.com,2.4,14723.0,2.5,Fiverr,ok,__NEXT_DATA__
https://www.trustpilot.com/review/www.foap.com,www.foap.com,2.6,48.0,2.5,Foap,ok,__NEXT_DATA__
https://www.trustpilot.com/review/freecash.com,freecash.com,4.7,294737.0,4.5,Freecash.com,ok,__NEXT_DATA__
https://www.trustpilot.com/review/googleopinionrewards.page.link,googleopinionrewards.page.link,3.0,2.0,3.0,googleopinionrewards.page.link,ok,__NEXT_DATA__
https://www.trustpilot.com/review/www.great-short.com,www.great-short.com,2.9,2.0,3.0,Great Short,ok,__NEXT_DATA__
https://www.trustpilot.com/review/crowdgen.com,crowdgen.com,1.5,114.0,1.5,Crowdgen,ok,__NEXT_DATA__
https://www.trustpilot.com/review/heycash.com,heycash.com,3.9,7856.0,4.0,HeyCash,ok,__NEXT_DATA__
https://www.trustpilot.com/review/honeygain.com,honeygain.com,4.5,22451.0,4.5,Honeygain,ok,__NEXT_DATA__
https://www.trustpilot.com/review/inbox-dollar-earn-dollars,inbox-dollar-earn-dollars,,,,,no_data,
https://www.trustpilot.com/review/www.inboxdollars.com,www.inboxdollars.com,3.9,47537.0,4.0,InboxDollars,ok,__NEXT_DATA__
https://www.trustpilot.com/review/jumptask.io,jumptask.io,4.2,5729.0,4.0,JumpTask,ok,__NEXT_DATA__
https://www.trustpilot.com/review/justplayapps.com?stars=1,justplayapps.com,3.5,1994.0,3.5,JustPlay,ok,__NEXT_DATA__
https://www.trustpilot.com/review/microsoftrewards.com,microsoftrewards.com,1.6,156.0,1.5,microsoftrewards.com,ok,__NEXT_DATA__
https://www.trustpilot.com/review/mistplay.com,mistplay.com,4.1,4989.0,4.0,Mistplay,ok,__NEXT_DATA__
https://www.trustpilot.com/review/www.mobilexpression.com,www.mobilexpression.com,1.9,327.0,2.0,Mobilexpression,ok,__NEXT_DATA__
https://www.trustpilot.com/review/www.mypoints.com,www.mypoints.com,4.2,25994.0,4.0,MyPoints.com,ok,__NEXT_DATA__
https://www.trustpilot.com/review/neevo.ai,neevo.ai,1.9,832.0,2.0,Neevo,ok,__NEXT_DATA__
https://www.trustpilot.com/review/nielsen.com,nielsen.com,3.7,709.0,3.5, Nielsen Computer & Mobile Panel,ok,__NEXT_DATA__
https://www.trustpilot.com/review/outlier.ai,outlier.ai,3.9,4395.0,4.0,Outlier,ok,__NEXT_DATA__
https://www.trustpilot.com/review/pawns.app,pawns.app,4.4,8412.0,4.5,Pawns.app,ok,__NEXT_DATA__
https://www.trustpilot.com/review/pineconeresearch.com,pineconeresearch.com,1.2,333.0,1.0,Pinecone research,ok,__NEXT_DATA__
https://www.trustpilot.com/review/playtestcloud.com,playtestcloud.com,4.3,173.0,4.5,PlaytestCloud Playtesters App,ok,__NEXT_DATA__
https://www.trustpilot.com/review/prizerebel.com,prizerebel.com,3.8,772.0,4.0,PrizeRebel,ok,__NEXT_DATA__
https://www.trustpilot.com/review/www.prolific.com,www.prolific.com,4.5,14536.0,4.5,Prolific,ok,__NEXT_DATA__
https://www.trustpilot.com/review/remotasks.com,remotasks.com,2.2,780.0,2.0,Remotasks,ok,__NEXT_DATA__
https://www.trustpilot.com/review/respondent.io,respondent.io,4.1,1221.0,4.0,Respondent,ok,__NEXT_DATA__
https://www.trustpilot.com/review/www.rws.com,www.rws.com,1.9,44.0,2.0,RWS,ok,__NEXT_DATA__
https://www.trustpilot.com/review/papaya.com,papaya.com,1.9,13.0,2.0,Papaya,ok,__NEXT_DATA__
https://www.trustpilot.com/review/www.surveyjunkie.com,www.surveyjunkie.com,3.5,44923.0,3.5,Survey Junkie,ok,__NEXT_DATA__
https://www.trustpilot.com/review/www.swagbucks.com,www.swagbucks.com,4.1,43183.0,4.0,Swagbucks,ok,__NEXT_DATA__
https://www.trustpilot.com/review/uber-ai-scalated-solutions,uber-ai-scalated-solutions,,,,,no_data,
https://www.trustpilot.com/review/ugc-creator,ugc-creator,,,,,no_data,
https://www.trustpilot.com/review/userinterviews.com,userinterviews.com,3.8,1204.0,4.0,User Interviews,ok,__NEXT_DATA__
https://www.trustpilot.com/review/usertesting.com,usertesting.com,4.5,3420.0,4.5,UserTesting,ok,__NEXT_DATA__
https://www.trustpilot.com/review/walkify,walkify,,,,,no_data,
https://www.trustpilot.com/review/winwalk,winwalk,,,,,no_data,
https://www.trustpilot.com/review/winwink.co.uk,winwink.co.uk,4.8,1607.0,5.0,WinWink,ok,__NEXT_DATA__
https://www.trustpilot.com/review/yougov.com,yougov.com,4.5,110006.0,4.5,YouGov,ok,__NEXT_DATA__
https://www.trustpilot.com/review/2captcha.com,2captcha.com,4.0,2655.0,4.0,2captcha,ok,__NEXT_DATA__
https://www.trustpilot.com/review/5surveys.com,5surveys.com,1.5,137.0,1.5,5surveys,ok,__NEXT_DATA__
https://www.trustpilot.com/review/cashgiraffe.com,cashgiraffe.com,4.5,1304.0,4.5,Cash Giraffe,ok,__NEXT_DATA__
https://www.trustpilot.com/review/attapoll.app,attapoll.app,2.2,236.0,2.0,Attapoll,ok,__NEXT_DATA__
https://www.trustpilot.com/review/babel.audio,babel.audio,3.9,92.0,4.0,Babel Audio,ok,__NEXT_DATA__
https://www.trustpilot.com/review/surveys.gobranded.com,surveys.gobranded.com,4.2,121106.0,4.0,Branded Surveys,ok,__NEXT_DATA__
https://www.trustpilot.com/review/cashwalk.us,cashwalk.us,1.5,85.0,1.5,Cashwalk,ok,__NEXT_DATA__
https://www.trustpilot.com/review/clickworker.com,clickworker.com,2.6,3129.0,2.5,clickworker,ok,__NEXT_DATA__
https://www.trustpilot.com/review/earnapp.com,earnapp.com,4.3,825.0,4.5,Earnapp,ok,__NEXT_DATA__
https://www.trustpilot.com/review/evidation.com,evidation.com,2.0,13.0,2.0,evidation.com,ok,__NEXT_DATA__
https://www.trustpilot.com/review/www.fiverr.com,www.fiverr.com,2.4,14723.0,2.5,Fiverr,ok,__NEXT_DATA__
https://www.trustpilot.com/review/www.foap.com,www.foap.com,2.6,48.0,2.5,Foap,ok,__NEXT_DATA__
https://www.trustpilot.com/review/freecash.com,freecash.com,4.7,294737.0,4.5,Freecash.com,ok,__NEXT_DATA__
https://www.trustpilot.com/review/googleopinionrewards.page.link,googleopinionrewards.page.link,3.0,2.0,3.0,googleopinionrewards.page.link,ok,__NEXT_DATA__
https://www.trustpilot.com/review/www.great-short.com,www.great-short.com,2.9,2.0,3.0,Great Short,ok,__NEXT_DATA__
https://www.trustpilot.com/review/crowdgen.com,crowdgen.com,1.5,114.0,1.5,Crowdgen,ok,__NEXT_DATA__
https://www.trustpilot.com/review/heycash.com,heycash.com,3.9,7856.0,4.0,HeyCash,ok,__NEXT_DATA__
https://www.trustpilot.com/review/honeygain.com,honeygain.com,4.5,22451.0,4.5,Honeygain,ok,__NEXT_DATA__
https://www.trustpilot.com/review/inbox-dollar-earn-dollars,inbox-dollar-earn-dollars,,,,,no_data,
https://www.trustpilot.com/review/www.inboxdollars.com,www.inboxdollars.com,3.9,47537.0,4.0,InboxDollars,ok,__NEXT_DATA__
https://www.trustpilot.com/review/jumptask.io,jumptask.io,4.2,5729.0,4.0,JumpTask,ok,__NEXT_DATA__
https://www.trustpilot.com/review/justplayapps.com?stars=1,justplayapps.com,3.5,1994.0,3.5,JustPlay,ok,__NEXT_DATA__
https://www.trustpilot.com/review/microsoftrewards.com,microsoftrewards.com,1.6,156.0,1.5,microsoftrewards.com,ok,__NEXT_DATA__
https://www.trustpilot.com/review/mistplay.com,mistplay.com,4.1,4989.0,4.0,Mistplay,ok,__NEXT_DATA__
https://www.trustpilot.com/review/www.mobilexpression.com,www.mobilexpression.com,1.9,327.0,2.0,Mobilexpression,ok,__NEXT_DATA__
https://www.trustpilot.com/review/www.mypoints.com,www.mypoints.com,4.2,25994.0,4.0,MyPoints.com,ok,__NEXT_DATA__
https://www.trustpilot.com/review/neevo.ai,neevo.ai,1.9,832.0,2.0,Neevo,ok,__NEXT_DATA__
https://www.trustpilot.com/review/nielsen.com,nielsen.com,3.7,709.0,3.5, Nielsen Computer & Mobile Panel,ok,__NEXT_DATA__
https://www.trustpilot.com/review/outlier.ai,outlier.ai,3.9,4395.0,4.0,Outlier,ok,__NEXT_DATA__
https://www.trustpilot.com/review/pawns.app,pawns.app,4.4,8412.0,4.5,Pawns.app,ok,__NEXT_DATA__
https://www.trustpilot.com/review/pineconeresearch.com,pineconeresearch.com,1.2,333.0,1.0,Pinecone research,ok,__NEXT_DATA__
https://www.trustpilot.com/review/playtestcloud.com,playtestcloud.com,4.3,173.0,4.5,PlaytestCloud Playtesters App,ok,__NEXT_DATA__
https://www.trustpilot.com/review/prizerebel.com,prizerebel.com,3.8,772.0,4.0,PrizeRebel,ok,__NEXT_DATA__
https://www.trustpilot.com/review/www.prolific.com,www.prolific.com,4.5,14539.0,4.5,Prolific,ok,__NEXT_DATA__
https://www.trustpilot.com/review/remotasks.com,remotasks.com,2.2,780.0,2.0,Remotasks,ok,__NEXT_DATA__
https://www.trustpilot.com/review/respondent.io,respondent.io,4.1,1221.0,4.0,Respondent,ok,__NEXT_DATA__
https://www.trustpilot.com/review/www.rws.com,www.rws.com,1.9,44.0,2.0,RWS,ok,__NEXT_DATA__
https://www.trustpilot.com/review/papaya.com,papaya.com,1.9,13.0,2.0,Papaya,ok,__NEXT_DATA__
https://www.trustpilot.com/review/www.surveyjunkie.com,www.surveyjunkie.com,3.5,44923.0,3.5,Survey Junkie,ok,__NEXT_DATA__
https://www.trustpilot.com/review/www.swagbucks.com,www.swagbucks.com,4.1,43183.0,4.0,Swagbucks,ok,__NEXT_DATA__
https://www.trustpilot.com/review/uber-ai-scalated-solutions,uber-ai-scalated-solutions,,,,,no_data,
https://www.trustpilot.com/review/ugc-creator,ugc-creator,,,,,no_data,
https://www.trustpilot.com/review/userinterviews.com,userinterviews.com,3.8,1204.0,4.0,User Interviews,ok,__NEXT_DATA__
https://www.trustpilot.com/review/usertesting.com,usertesting.com,4.5,3420.0,4.5,UserTesting,ok,__NEXT_DATA__
https://www.trustpilot.com/review/walkify,walkify,,,,,no_data,
https://www.trustpilot.com/review/winwalk,winwalk,,,,,no_data,
https://www.trustpilot.com/review/winwink.co.uk,winwink.co.uk,4.8,1607.0,5.0,WinWink,ok,__NEXT_DATA__
https://www.trustpilot.com/review/yougov.com,yougov.com,4.5,110006.0,4.5,YouGov,ok,__NEXT_DATA__
https://www.trustpilot.com/review/freecash.com,freecash.com,4.7,295068.0,4.5,Freecash.com,ok,__NEXT_DATA__
https://www.trustpilot.com/review/outlier.ai,outlier.ai,3.9,4402.0,4.0,Outlier,ok,__NEXT_DATA__
https://www.trustpilot.com/review/remotasks.com,remotasks.com,2.2,780.0,2.0,Remotasks,ok,__NEXT_DATA__
https://www.trustpilot.com/review/neevo.ai,neevo.ai,1.9,832.0,2.0,Neevo,ok,__NEXT_DATA__
https://www.trustpilot.com/review/babel.audio,babel.audio,3.9,92.0,4.0,Babel Audio,ok,__NEXT_DATA__
https://www.trustpilot.com/review/www.fiverr.com,www.fiverr.com,2.4,14725.0,2.5,Fiverr,ok,__NEXT_DATA__
https://www.trustpilot.com/review/www.foap.com,www.foap.com,2.6,48.0,2.5,Foap,ok,__NEXT_DATA__
https://www.trustpilot.com/review/mistplay.com,mistplay.com,4.1,4997.0,4.0,Mistplay,ok,__NEXT_DATA__
https://www.trustpilot.com/review/playtestcloud.com,playtestcloud.com,4.3,173.0,4.5,PlaytestCloud Playtesters App,ok,__NEXT_DATA__
https://www.trustpilot.com/review/attapoll.app,attapoll.app,2.2,236.0,2.0,Attapoll,ok,__NEXT_DATA__
https://www.trustpilot.com/review/5surveys.com,5surveys.com,1.5,137.0,1.5,5surveys,ok,__NEXT_DATA__
https://www.trustpilot.com/review/evidation.com,evidation.com,2.0,13.0,2.0,evidation.com,ok,__NEXT_DATA__
https://www.trustpilot.com/review/cashwalk.us,cashwalk.us,1.5,85.0,1.5,Cashwalk,ok,__NEXT_DATA__
https://www.trustpilot.com/review/earnapp.com,earnapp.com,4.3,825.0,4.5,Earnapp,ok,__NEXT_DATA__
https://www.trustpilot.com/review/honeygain.com,honeygain.com,4.5,22454.0,4.5,Honeygain,ok,__NEXT_DATA__
https://www.trustpilot.com/review/www.mobilexpression.com,www.mobilexpression.com,1.9,327.0,2.0,Mobilexpression,ok,__NEXT_DATA__
https://www.trustpilot.com/review/pawns.app,pawns.app,4.3,8419.0,4.5,Pawns.app,ok,__NEXT_DATA__
https://www.trustpilot.com/review/googleopinionrewards.page.link,googleopinionrewards.page.link,3.0,2.0,3.0,googleopinionrewards.page.link,ok,__NEXT_DATA__
https://www.trustpilot.com/review/microsoftrewards.com,microsoftrewards.com,1.6,156.0,1.5,microsoftrewards.com,ok,__NEXT_DATA__
https://www.trustpilot.com/review/usertesting.com,usertesting.com,4.5,3421.0,4.5,UserTesting,ok,__NEXT_DATA__
https://www.trustpilot.com/review/www.prolific.com,www.prolific.com,4.5,14552.0,4.5,Prolific,ok,__NEXT_DATA__
https://www.trustpilot.com/review/clickworker.com,clickworker.com,2.6,3129.0,2.5,clickworker,ok,__NEXT_DATA__
https://www.trustpilot.com/review/pineconeresearch.com,pineconeresearch.com,1.2,335.0,1.0,Pinecone research,ok,__NEXT_DATA__
https://www.trustpilot.com/review/www.surveyjunkie.com,www.surveyjunkie.com,3.5,44925.0,3.5,Survey Junkie,ok,__NEXT_DATA__
https://www.trustpilot.com/review/respondent.io,respondent.io,4.1,1221.0,4.0,Respondent,ok,__NEXT_DATA__
https://www.trustpilot.com/review/userinterviews.com,userinterviews.com,3.8,1205.0,4.0,User Interviews,ok,__NEXT_DATA__
https://www.trustpilot.com/review/2captcha.com,2captcha.com,4.0,2655.0,4.0,2captcha,ok,__NEXT_DATA__
https://www.trustpilot.com/review/yougov.com,yougov.com,4.5,110126.0,4.5,YouGov,ok,__NEXT_DATA__
https://www.trustpilot.com/review/surveys.gobranded.com,surveys.gobranded.com,4.2,121150.0,4.0,Branded Surveys,ok,__NEXT_DATA__
https://www.trustpilot.com/review/heycash.com,heycash.com,3.9,7865.0,4.0,HeyCash,ok,__NEXT_DATA__
https://www.trustpilot.com/review/www.swagbucks.com,www.swagbucks.com,4.1,43186.0,4.0,Swagbucks,ok,__NEXT_DATA__
https://www.trustpilot.com/review/nielsen.com,nielsen.com,3.7,709.0,3.5, Nielsen Computer & Mobile Panel,ok,__NEXT_DATA__
https://www.trustpilot.com/review/www.mypoints.com,www.mypoints.com,4.2,25994.0,4.0,MyPoints.com,ok,__NEXT_DATA__
https://www.trustpilot.com/review/prizerebel.com,prizerebel.com,3.8,772.0,4.0,PrizeRebel,ok,__NEXT_DATA__
https://www.trustpilot.com/review/justplayapps.com,justplayapps.com,3.5,1994.0,3.5,JustPlay,ok,__NEXT_DATA__
https://www.trustpilot.com/review/jumptask.io,jumptask.io,4.2,5730.0,4.0,JumpTask,ok,__NEXT_DATA__
https://www.trustpilot.com/review/evidation.com,evidation.com,2.0,13.0,2.0,evidation.com,ok,__NEXT_DATA__
https://www.trustpilot.com/review/freecash.com,freecash.com,4.7,295351.0,4.5,Freecash.com,ok,__NEXT_DATA__
https://www.trustpilot.com/review/outlier.ai,outlier.ai,3.9,4405.0,4.0,Outlier,ok,__NEXT_DATA__
https://www.trustpilot.com/review/remotasks.com,remotasks.com,2.2,780.0,2.0,Remotasks,ok,__NEXT_DATA__
https://www.trustpilot.com/review/neevo.ai,neevo.ai,1.9,832.0,2.0,Neevo,ok,__NEXT_DATA__
https://www.trustpilot.com/review/babel.audio,babel.audio,3.9,93.0,4.0,Babel Audio,ok,__NEXT_DATA__
https://www.trustpilot.com/review/www.fiverr.com,www.fiverr.com,2.4,14725.0,2.5,Fiverr,ok,__NEXT_DATA__
https://www.trustpilot.com/review/www.foap.com,www.foap.com,2.6,48.0,2.5,Foap,ok,__NEXT_DATA__
https://www.trustpilot.com/review/mistplay.com,mistplay.com,4.1,5006.0,4.0,Mistplay,ok,__NEXT_DATA__
https://www.trustpilot.com/review/playtestcloud.com,playtestcloud.com,4.3,173.0,4.5,PlaytestCloud Playtesters App,ok,__NEXT_DATA__
https://www.trustpilot.com/review/attapoll.app,attapoll.app,2.2,236.0,2.0,Attapoll,ok,__NEXT_DATA__
https://www.trustpilot.com/review/5surveys.com,5surveys.com,1.5,137.0,1.5,5surveys,ok,__NEXT_DATA__
https://www.trustpilot.com/review/cashwalk.us,cashwalk.us,1.5,85.0,1.5,Cashwalk,ok,__NEXT_DATA__
https://www.trustpilot.com/review/earnapp.com,earnapp.com,4.3,825.0,4.5,Earnapp,ok,__NEXT_DATA__
https://www.trustpilot.com/review/honeygain.com,honeygain.com,4.5,22457.0,4.5,Honeygain,ok,__NEXT_DATA__
https://www.trustpilot.com/review/www.mobilexpression.com,www.mobilexpression.com,1.9,327.0,2.0,Mobilexpression,ok,__NEXT_DATA__
https://www.trustpilot.com/review/pawns.app,pawns.app,4.3,8422.0,4.5,Pawns.app,ok,__NEXT_DATA__
https://www.trustpilot.com/review/googleopinionrewards.page.link,googleopinionrewards.page.link,3.0,2.0,3.0,googleopinionrewards.page.link,ok,__NEXT_DATA__
https://www.trustpilot.com/review/microsoftrewards.com,microsoftrewards.com,1.6,156.0,1.5,microsoftrewards.com,ok,__NEXT_DATA__
https://www.trustpilot.com/review/usertesting.com,usertesting.com,4.5,3426.0,4.5,UserTesting,ok,__NEXT_DATA__
https://www.trustpilot.com/review/www.prolific.com,www.prolific.com,4.5,14566.0,4.5,Prolific,ok,__NEXT_DATA__
https://www.trustpilot.com/review/clickworker.com,clickworker.com,2.6,3129.0,2.5,clickworker,ok,__NEXT_DATA__
https://www.trustpilot.com/review/pineconeresearch.com,pineconeresearch.com,1.2,334.0,1.0,Pinecone research,ok,__NEXT_DATA__
https://www.trustpilot.com/review/www.surveyjunkie.com,www.surveyjunkie.com,3.5,44926.0,3.5,Survey Junkie,ok,__NEXT_DATA__
https://www.trustpilot.com/review/respondent.io,respondent.io,4.1,1221.0,4.0,Respondent,ok,__NEXT_DATA__
https://www.trustpilot.com/review/userinterviews.com,userinterviews.com,3.8,1205.0,4.0,User Interviews,ok,__NEXT_DATA__
https://www.trustpilot.com/review/2captcha.com,2captcha.com,4.0,2655.0,4.0,2captcha,ok,__NEXT_DATA__
https://www.trustpilot.com/review/yougov.com,yougov.com,4.5,110266.0,4.5,YouGov,ok,__NEXT_DATA__
https://www.trustpilot.com/review/surveys.gobranded.com,surveys.gobranded.com,4.2,121172.0,4.0,Branded Surveys,ok,__NEXT_DATA__
https://www.trustpilot.com/review/heycash.com,heycash.com,3.9,7876.0,4.0,HeyCash,ok,__NEXT_DATA__
https://www.trustpilot.com/review/www.swagbucks.com,www.swagbucks.com,4.1,43188.0,4.0,Swagbucks,ok,__NEXT_DATA__
https://www.trustpilot.com/review/nielsen.com,nielsen.com,3.7,709.0,3.5, Nielsen Computer & Mobile Panel,ok,__NEXT_DATA__
https://www.trustpilot.com/review/www.mypoints.com,www.mypoints.com,4.2,25994.0,4.0,MyPoints.com,ok,__NEXT_DATA__
https://www.trustpilot.com/review/prizerebel.com,prizerebel.com,3.8,772.0,4.0,PrizeRebel,ok,__NEXT_DATA__
https://www.trustpilot.com/review/justplayapps.com,justplayapps.com,3.5,1999.0,3.5,JustPlay,ok,__NEXT_DATA__
https://www.trustpilot.com/review/jumptask.io,jumptask.io,4.2,5731.0,4.0,JumpTask,ok,__NEXT_DATA__
https://www.trustpilot.com/review/sweatco.in,sweatco.in,3.4,5746.0,3.5,Sweatcoin,ok,__NEXT_DATA__
https://www.trustpilot.com/review/weward.com,weward.com,,,,,no_data,
https://www.trustpilot.com/review/www.macadam.app,www.macadam.app,4.7,14032.0,4.5,Macadam,ok,__NEXT_DATA__
https://www.trustpilot.com/review/evidation.com,evidation.com,2.0,13.0,2.0,evidation.com,ok,__NEXT_DATA__
https://www.trustpilot.com/review/freecash.com,freecash.com,4.7,295351.0,4.5,Freecash.com,ok,__NEXT_DATA__
https://www.trustpilot.com/review/outlier.ai,outlier.ai,3.9,4405.0,4.0,Outlier,ok,__NEXT_DATA__
https://www.trustpilot.com/review/remotasks.com,remotasks.com,2.2,780.0,2.0,Remotasks,ok,__NEXT_DATA__
https://www.trustpilot.com/review/neevo.ai,neevo.ai,1.9,832.0,2.0,Neevo,ok,__NEXT_DATA__
https://www.trustpilot.com/review/babel.audio,babel.audio,3.9,93.0,4.0,Babel Audio,ok,__NEXT_DATA__
https://www.trustpilot.com/review/www.fiverr.com,www.fiverr.com,2.4,14725.0,2.5,Fiverr,ok,__NEXT_DATA__
https://www.trustpilot.com/review/www.foap.com,www.foap.com,2.6,48.0,2.5,Foap,ok,__NEXT_DATA__
https://www.trustpilot.com/review/mistplay.com,mistplay.com,4.1,5006.0,4.0,Mistplay,ok,__NEXT_DATA__
https://www.trustpilot.com/review/playtestcloud.com,playtestcloud.com,4.3,173.0,4.5,PlaytestCloud Playtesters App,ok,__NEXT_DATA__
https://www.trustpilot.com/review/attapoll.app,attapoll.app,2.2,236.0,2.0,Attapoll,ok,__NEXT_DATA__
https://www.trustpilot.com/review/5surveys.com,5surveys.com,1.5,137.0,1.5,5surveys,ok,__NEXT_DATA__
https://www.trustpilot.com/review/cashwalk.us,cashwalk.us,1.5,85.0,1.5,Cashwalk,ok,__NEXT_DATA__
https://www.trustpilot.com/review/earnapp.com,earnapp.com,4.3,825.0,4.5,Earnapp,ok,__NEXT_DATA__
https://www.trustpilot.com/review/honeygain.com,honeygain.com,4.5,22457.0,4.5,Honeygain,ok,__NEXT_DATA__
https://www.trustpilot.com/review/www.mobilexpression.com,www.mobilexpression.com,1.9,327.0,2.0,Mobilexpression,ok,__NEXT_DATA__
https://www.trustpilot.com/review/pawns.app,pawns.app,4.3,8422.0,4.5,Pawns.app,ok,__NEXT_DATA__
https://www.trustpilot.com/review/googleopinionrewards.page.link,googleopinionrewards.page.link,3.0,2.0,3.0,googleopinionrewards.page.link,ok,__NEXT_DATA__
https://www.trustpilot.com/review/microsoftrewards.com,microsoftrewards.com,1.6,156.0,1.5,microsoftrewards.com,ok,__NEXT_DATA__
https://www.trustpilot.com/review/usertesting.com,usertesting.com,4.5,3426.0,4.5,UserTesting,ok,__NEXT_DATA__
https://www.trustpilot.com/review/www.prolific.com,www.prolific.com,4.5,14564.0,4.5,Prolific,ok,__NEXT_DATA__
https://www.trustpilot.com/review/clickworker.com,clickworker.com,2.6,3129.0,2.5,clickworker,ok,__NEXT_DATA__
https://www.trustpilot.com/review/pineconeresearch.com,pineconeresearch.com,1.2,334.0,1.0,Pinecone research,ok,__NEXT_DATA__
https://www.trustpilot.com/review/www.surveyjunkie.com,www.surveyjunkie.com,3.5,44926.0,3.5,Survey Junkie,ok,__NEXT_DATA__
https://www.trustpilot.com/review/respondent.io,respondent.io,4.1,1221.0,4.0,Respondent,ok,__NEXT_DATA__
https://www.trustpilot.com/review/userinterviews.com,userinterviews.com,3.8,1205.0,4.0,User Interviews,ok,__NEXT_DATA__
https://www.trustpilot.com/review/2captcha.com,2captcha.com,4.0,2655.0,4.0,2captcha,ok,__NEXT_DATA__
https://www.trustpilot.com/review/yougov.com,yougov.com,4.5,110266.0,4.5,YouGov,ok,__NEXT_DATA__
https://www.trustpilot.com/review/surveys.gobranded.com,surveys.gobranded.com,4.2,121172.0,4.0,Branded Surveys,ok,__NEXT_DATA__
https://www.trustpilot.com/review/heycash.com,heycash.com,3.9,7876.0,4.0,HeyCash,ok,__NEXT_DATA__
https://www.trustpilot.com/review/www.swagbucks.com,www.swagbucks.com,4.1,43188.0,4.0,Swagbucks,ok,__NEXT_DATA__
https://www.trustpilot.com/review/nielsen.com,nielsen.com,3.7,709.0,3.5, Nielsen Computer & Mobile Panel,ok,__NEXT_DATA__
https://www.trustpilot.com/review/www.mypoints.com,www.mypoints.com,4.2,25994.0,4.0,MyPoints.com,ok,__NEXT_DATA__
https://www.trustpilot.com/review/prizerebel.com,prizerebel.com,3.8,772.0,4.0,PrizeRebel,ok,__NEXT_DATA__
https://www.trustpilot.com/review/justplayapps.com,justplayapps.com,3.5,1999.0,3.5,JustPlay,ok,__NEXT_DATA__
https://www.trustpilot.com/review/jumptask.io,jumptask.io,4.2,5731.0,4.0,JumpTask,ok,__NEXT_DATA__
https://www.trustpilot.com/review/freecash.com,freecash.com,4.7,296250.0,4.5,Freecash.com,ok,__NEXT_DATA__
https://www.trustpilot.com/review/outlier.ai,outlier.ai,3.9,4410.0,4.0,Outlier,ok,__NEXT_DATA__
https://www.trustpilot.com/review/remotasks.com,remotasks.com,2.5,783.0,2.5,Remotasks,ok,__NEXT_DATA__
https://www.trustpilot.com/review/neevo.ai,neevo.ai,1.9,832.0,2.0,Neevo,ok,__NEXT_DATA__
https://www.trustpilot.com/review/babel.audio,babel.audio,3.9,93.0,4.0,Babel Audio,ok,__NEXT_DATA__
https://www.trustpilot.com/review/www.fiverr.com,www.fiverr.com,2.4,14732.0,2.5,Fiverr,ok,__NEXT_DATA__
https://www.trustpilot.com/review/www.foap.com,www.foap.com,2.6,48.0,2.5,Foap,ok,__NEXT_DATA__
https://www.trustpilot.com/review/mistplay.com,mistplay.com,4.1,5011.0,4.0,Mistplay,ok,__NEXT_DATA__
https://www.trustpilot.com/review/playtestcloud.com,playtestcloud.com,4.3,175.0,4.5,PlaytestCloud Playtesters App,ok,__NEXT_DATA__
https://www.trustpilot.com/review/attapoll.app,attapoll.app,2.2,238.0,2.0,Attapoll,ok,__NEXT_DATA__
https://www.trustpilot.com/review/5surveys.com,5surveys.com,1.5,137.0,1.5,5surveys,ok,__NEXT_DATA__
https://www.trustpilot.com/review/evidation.com,evidation.com,2.0,13.0,2.0,evidation.com,ok,__NEXT_DATA__
https://www.trustpilot.com/review/cashwalk.us,cashwalk.us,1.5,85.0,1.5,Cashwalk,ok,__NEXT_DATA__
https://www.trustpilot.com/review/earnapp.com,earnapp.com,4.3,826.0,4.5,Earnapp,ok,__NEXT_DATA__
https://www.trustpilot.com/review/honeygain.com,honeygain.com,4.5,22461.0,4.5,Honeygain,ok,__NEXT_DATA__
https://www.trustpilot.com/review/www.mobilexpression.com,www.mobilexpression.com,1.9,327.0,2.0,Mobilexpression,ok,__NEXT_DATA__
https://www.trustpilot.com/review/pawns.app,pawns.app,4.3,8409.0,4.5,Pawns.app,ok,__NEXT_DATA__
https://www.trustpilot.com/review/googleopinionrewards.page.link,googleopinionrewards.page.link,3.0,2.0,3.0,googleopinionrewards.page.link,ok,__NEXT_DATA__
https://www.trustpilot.com/review/microsoftrewards.com,microsoftrewards.com,1.6,156.0,1.5,microsoftrewards.com,ok,__NEXT_DATA__
https://www.trustpilot.com/review/usertesting.com,usertesting.com,4.5,3443.0,4.5,UserTesting,ok,__NEXT_DATA__
https://www.trustpilot.com/review/www.prolific.com,www.prolific.com,4.5,14566.0,4.5,Prolific,ok,__NEXT_DATA__
https://www.trustpilot.com/review/clickworker.com,clickworker.com,2.6,3131.0,2.5,clickworker,ok,__NEXT_DATA__
https://www.trustpilot.com/review/pineconeresearch.com,pineconeresearch.com,1.2,335.0,1.0,Pinecone research,ok,__NEXT_DATA__
https://www.trustpilot.com/review/www.surveyjunkie.com,www.surveyjunkie.com,3.5,44926.0,3.5,Survey Junkie,ok,__NEXT_DATA__
https://www.trustpilot.com/review/respondent.io,respondent.io,4.1,1224.0,4.0,Respondent,ok,__NEXT_DATA__
https://www.trustpilot.com/review/userinterviews.com,userinterviews.com,3.7,1208.0,3.5,User Interviews,ok,__NEXT_DATA__
https://www.trustpilot.com/review/2captcha.com,2captcha.com,4.0,2658.0,4.0,2captcha,ok,__NEXT_DATA__
https://www.trustpilot.com/review/yougov.com,yougov.com,4.5,110634.0,4.5,YouGov,ok,__NEXT_DATA__
https://www.trustpilot.com/review/surveys.gobranded.com,surveys.gobranded.com,4.2,121253.0,4.0,Branded Surveys,ok,__NEXT_DATA__
https://www.trustpilot.com/review/heycash.com,heycash.com,3.9,7910.0,4.0,HeyCash,ok,__NEXT_DATA__
https://www.trustpilot.com/review/www.swagbucks.com,www.swagbucks.com,4.1,43199.0,4.0,Swagbucks,ok,__NEXT_DATA__
https://www.trustpilot.com/review/nielsen.com,nielsen.com,3.7,709.0,3.5, Nielsen Computer & Mobile Panel,ok,__NEXT_DATA__
https://www.trustpilot.com/review/www.mypoints.com,www.mypoints.com,4.2,25996.0,4.0,MyPoints.com,ok,__NEXT_DATA__
https://www.trustpilot.com/review/prizerebel.com,prizerebel.com,3.8,772.0,4.0,PrizeRebel,ok,__NEXT_DATA__
https://www.trustpilot.com/review/justplayapps.com,justplayapps.com,3.4,1997.0,3.5,JustPlay,ok,__NEXT_DATA__
https://www.trustpilot.com/review/jumptask.io,jumptask.io,4.2,5730.0,4.0,JumpTask,ok,__NEXT_DATA__
https://www.trustpilot.com/review/freecash.com,freecash.com,4.7,296341.0,4.5,Freecash.com,ok,__NEXT_DATA__
https://www.trustpilot.com/review/outlier.ai,outlier.ai,3.9,4406.0,4.0,Outlier,ok,__NEXT_DATA__
https://www.trustpilot.com/review/remotasks.com,remotasks.com,2.5,783.0,2.5,Remotasks,ok,__NEXT_DATA__
https://www.trustpilot.com/review/neevo.ai,neevo.ai,1.9,832.0,2.0,Neevo,ok,__NEXT_DATA__
https://www.trustpilot.com/review/babel.audio,babel.audio,3.9,93.0,4.0,Babel Audio,ok,__NEXT_DATA__
https://www.trustpilot.com/review/www.fiverr.com,www.fiverr.com,2.4,14732.0,2.5,Fiverr,ok,__NEXT_DATA__
https://www.trustpilot.com/review/www.foap.com,www.foap.com,2.6,48.0,2.5,Foap,ok,__NEXT_DATA__
https://www.trustpilot.com/review/mistplay.com,mistplay.com,4.1,5011.0,4.0,Mistplay,ok,__NEXT_DATA__
https://www.trustpilot.com/review/playtestcloud.com,playtestcloud.com,4.3,175.0,4.5,PlaytestCloud Playtesters App,ok,__NEXT_DATA__
https://www.trustpilot.com/review/attapoll.app,attapoll.app,2.2,238.0,2.0,Attapoll,ok,__NEXT_DATA__
https://www.trustpilot.com/review/5surveys.com,5surveys.com,1.5,137.0,1.5,5surveys,ok,__NEXT_DATA__
https://www.trustpilot.com/review/evidation.com,evidation.com,2.0,13.0,2.0,evidation.com,ok,__NEXT_DATA__
https://www.trustpilot.com/review/cashwalk.us,cashwalk.us,1.5,85.0,1.5,Cashwalk,ok,__NEXT_DATA__
https://www.trustpilot.com/review/earnapp.com,earnapp.com,4.3,826.0,4.5,Earnapp,ok,__NEXT_DATA__
https://www.trustpilot.com/review/honeygain.com,honeygain.com,4.5,22460.0,4.5,Honeygain,ok,__NEXT_DATA__
https://www.trustpilot.com/review/www.mobilexpression.com,www.mobilexpression.com,1.9,327.0,2.0,Mobilexpression,ok,__NEXT_DATA__
https://www.trustpilot.com/review/pawns.app,pawns.app,4.3,8408.0,4.5,Pawns.app,ok,__NEXT_DATA__
https://www.trustpilot.com/review/googleopinionrewards.page.link,googleopinionrewards.page.link,3.0,2.0,3.0,googleopinionrewards.page.link,ok,__NEXT_DATA__
https://www.trustpilot.com/review/microsoftrewards.com,microsoftrewards.com,1.6,156.0,1.5,microsoftrewards.com,ok,__NEXT_DATA__
https://www.trustpilot.com/review/usertesting.com,usertesting.com,4.5,3446.0,4.5,UserTesting,ok,__NEXT_DATA__
https://www.trustpilot.com/review/www.prolific.com,www.prolific.com,4.5,14567.0,4.5,Prolific,ok,__NEXT_DATA__
https://www.trustpilot.com/review/clickworker.com,clickworker.com,2.6,3131.0,2.5,clickworker,ok,__NEXT_DATA__
https://www.trustpilot.com/review/pineconeresearch.com,pineconeresearch.com,1.2,335.0,1.0,Pinecone research,ok,__NEXT_DATA__
https://www.trustpilot.com/review/www.surveyjunkie.com,www.surveyjunkie.com,3.5,44926.0,3.5,Survey Junkie,ok,__NEXT_DATA__
https://www.trustpilot.com/review/respondent.io,respondent.io,4.1,1224.0,4.0,Respondent,ok,__NEXT_DATA__
https://www.trustpilot.com/review/userinterviews.com,userinterviews.com,3.7,1208.0,3.5,User Interviews,ok,__NEXT_DATA__
https://www.trustpilot.com/review/2captcha.com,2captcha.com,4.0,2658.0,4.0,2captcha,ok,__NEXT_DATA__
https://www.trustpilot.com/review/yougov.com,yougov.com,4.5,110660.0,4.5,YouGov,ok,__NEXT_DATA__
https://www.trustpilot.com/review/surveys.gobranded.com,surveys.gobranded.com,4.2,121256.0,4.0,Branded Surveys,ok,__NEXT_DATA__
https://www.trustpilot.com/review/heycash.com,heycash.com,3.9,7915.0,4.0,HeyCash,ok,__NEXT_DATA__
https://www.trustpilot.com/review/www.swagbucks.com,www.swagbucks.com,4.1,43202.0,4.0,Swagbucks,ok,__NEXT_DATA__
https://www.trustpilot.com/review/nielsen.com,nielsen.com,3.7,709.0,3.5, Nielsen Computer & Mobile Panel,ok,__NEXT_DATA__
https://www.trustpilot.com/review/www.mypoints.com,www.mypoints.com,4.2,25996.0,4.0,MyPoints.com,ok,__NEXT_DATA__
https://www.trustpilot.com/review/prizerebel.com,prizerebel.com,3.8,772.0,4.0,PrizeRebel,ok,__NEXT_DATA__
https://www.trustpilot.com/review/justplayapps.com,justplayapps.com,3.4,1999.0,3.5,JustPlay,ok,__NEXT_DATA__
https://www.trustpilot.com/review/jumptask.io,jumptask.io,4.2,5730.0,4.0,JumpTask,ok,__NEXT_DATA__
https://www.trustpilot.com/review/freecash.com,freecash.com,4.7,298376.0,4.5,Freecash.com,ok,__NEXT_DATA__
https://www.trustpilot.com/review/outlier.ai,outlier.ai,3.9,4413.0,4.0,Outlier,ok,__NEXT_DATA__
https://www.trustpilot.com/review/remotasks.com,remotasks.com,2.4,786.0,2.5,Remotasks,ok,__NEXT_DATA__
https://www.trustpilot.com/review/neevo.ai,neevo.ai,1.9,834.0,2.0,Neevo,ok,__NEXT_DATA__
https://www.trustpilot.com/review/babel.audio,babel.audio,3.9,93.0,4.0,Babel Audio,ok,__NEXT_DATA__
https://www.trustpilot.com/review/www.fiverr.com,www.fiverr.com,2.4,14743.0,2.5,Fiverr,ok,__NEXT_DATA__
https://www.trustpilot.com/review/www.foap.com,www.foap.com,2.6,48.0,2.5,Foap,ok,__NEXT_DATA__
https://www.trustpilot.com/review/mistplay.com,mistplay.com,4.1,5062.0,4.0,Mistplay,ok,__NEXT_DATA__
https://www.trustpilot.com/review/playtestcloud.com,playtestcloud.com,4.3,175.0,4.5,PlaytestCloud Playtesters App,ok,__NEXT_DATA__
https://www.trustpilot.com/review/attapoll.app,attapoll.app,2.2,236.0,2.0,Attapoll,ok,__NEXT_DATA__
https://www.trustpilot.com/review/5surveys.com,5surveys.com,1.5,137.0,1.5,5surveys,ok,__NEXT_DATA__
https://www.trustpilot.com/review/evidation.com,evidation.com,2.0,13.0,2.0,evidation.com,ok,__NEXT_DATA__
https://www.trustpilot.com/review/cashwalk.us,cashwalk.us,1.5,85.0,1.5,Cashwalk,ok,__NEXT_DATA__
https://www.trustpilot.com/review/earnapp.com,earnapp.com,4.3,829.0,4.5,Earnapp,ok,__NEXT_DATA__
https://www.trustpilot.com/review/honeygain.com,honeygain.com,4.5,22476.0,4.5,Honeygain,ok,__NEXT_DATA__
https://www.trustpilot.com/review/www.mobilexpression.com,www.mobilexpression.com,1.9,329.0,2.0,Mobilexpression,ok,__NEXT_DATA__
https://www.trustpilot.com/review/pawns.app,pawns.app,4.3,8438.0,4.5,Pawns.app,ok,__NEXT_DATA__
https://www.trustpilot.com/review/googleopinionrewards.page.link,googleopinionrewards.page.link,3.0,2.0,3.0,googleopinionrewards.page.link,ok,__NEXT_DATA__
https://www.trustpilot.com/review/microsoftrewards.com,microsoftrewards.com,1.6,158.0,1.5,microsoftrewards.com,ok,__NEXT_DATA__
https://www.trustpilot.com/review/usertesting.com,usertesting.com,4.5,3482.0,4.5,UserTesting,ok,__NEXT_DATA__
https://www.trustpilot.com/review/www.prolific.com,www.prolific.com,4.5,14633.0,4.5,Prolific,ok,__NEXT_DATA__
https://www.trustpilot.com/review/clickworker.com,clickworker.com,2.6,3132.0,2.5,clickworker,ok,__NEXT_DATA__
https://www.trustpilot.com/review/pineconeresearch.com,pineconeresearch.com,1.2,336.0,1.0,Pinecone research,ok,__NEXT_DATA__
https://www.trustpilot.com/review/www.surveyjunkie.com,www.surveyjunkie.com,3.5,44929.0,3.5,Survey Junkie,ok,__NEXT_DATA__
https://www.trustpilot.com/review/respondent.io,respondent.io,4.2,1385.0,4.0,Respondent,ok,__NEXT_DATA__
https://www.trustpilot.com/review/userinterviews.com,userinterviews.com,3.7,1209.0,3.5,User Interviews,ok,__NEXT_DATA__
https://www.trustpilot.com/review/2captcha.com,2captcha.com,4.0,2663.0,4.0,2captcha,ok,__NEXT_DATA__
https://www.trustpilot.com/review/yougov.com,yougov.com,4.5,111431.0,4.5,YouGov,ok,__NEXT_DATA__
https://www.trustpilot.com/review/surveys.gobranded.com,surveys.gobranded.com,4.2,121442.0,4.0,Branded Surveys,ok,__NEXT_DATA__
https://www.trustpilot.com/review/heycash.com,heycash.com,3.9,7947.0,4.0,HeyCash,ok,__NEXT_DATA__
https://www.trustpilot.com/review/www.swagbucks.com,www.swagbucks.com,4.0,43216.0,4.0,Swagbucks,ok,__NEXT_DATA__
https://www.trustpilot.com/review/nielsen.com,nielsen.com,4.7,1663.0,4.5, Nielsen Computer & Mobile Panel,ok,__NEXT_DATA__
https://www.trustpilot.com/review/www.mypoints.com,www.mypoints.com,4.2,25997.0,4.0,MyPoints.com,ok,__NEXT_DATA__
https://www.trustpilot.com/review/prizerebel.com,prizerebel.com,3.8,772.0,4.0,PrizeRebel,ok,__NEXT_DATA__
https://www.trustpilot.com/review/justplayapps.com,justplayapps.com,3.4,2007.0,3.5,JustPlay,ok,__NEXT_DATA__
https://www.trustpilot.com/review/jumptask.io,jumptask.io,4.2,5730.0,4.0,JumpTask,ok,__NEXT_DATA__
https://www.trustpilot.com/review/freecash.com,freecash.com,4.6,299583.0,4.5,Freecash,ok,__NEXT_DATA__
https://www.trustpilot.com/review/outlier.ai,outlier.ai,3.8,4420.0,4.0,Outlier,ok,__NEXT_DATA__
https://www.trustpilot.com/review/remotasks.com,remotasks.com,2.4,789.0,2.5,Remotasks,ok,__NEXT_DATA__
https://www.trustpilot.com/review/neevo.ai,neevo.ai,1.9,834.0,2.0,Neevo,ok,__NEXT_DATA__
https://www.trustpilot.com/review/babel.audio,babel.audio,3.8,96.0,4.0,Babel Audio,ok,__NEXT_DATA__
https://www.trustpilot.com/review/www.fiverr.com,www.fiverr.com,2.4,14764.0,2.5,Fiverr,ok,__NEXT_DATA__
https://www.trustpilot.com/review/www.foap.com,www.foap.com,2.2,47.0,2.0,Foap,ok,__NEXT_DATA__
https://www.trustpilot.com/review/mistplay.com,mistplay.com,4.1,5108.0,4.0,Mistplay,ok,__NEXT_DATA__
https://www.trustpilot.com/review/playtestcloud.com,playtestcloud.com,4.3,175.0,4.5,PlaytestCloud Playtesters App,ok,__NEXT_DATA__
https://www.trustpilot.com/review/attapoll.app,attapoll.app,2.2,237.0,2.0,Attapoll,ok,__NEXT_DATA__
https://www.trustpilot.com/review/5surveys.com,5surveys.com,1.5,137.0,1.5,5surveys,ok,__NEXT_DATA__
https://www.trustpilot.com/review/evidation.com,evidation.com,2.0,13.0,2.0,evidation.com,ok,__NEXT_DATA__
https://www.trustpilot.com/review/cashwalk.us,cashwalk.us,1.5,85.0,1.5,Cashwalk,ok,__NEXT_DATA__
https://www.trustpilot.com/review/earnapp.com,earnapp.com,4.3,835.0,4.5,Earnapp,ok,__NEXT_DATA__
https://www.trustpilot.com/review/honeygain.com,honeygain.com,4.5,22490.0,4.5,Honeygain,ok,__NEXT_DATA__
https://www.trustpilot.com/review/www.mobilexpression.com,www.mobilexpression.com,1.9,329.0,2.0,Mobilexpression,ok,__NEXT_DATA__
https://www.trustpilot.com/review/pawns.app,pawns.app,4.3,8451.0,4.5,Pawns.app,ok,__NEXT_DATA__
https://www.trustpilot.com/review/googleopinionrewards.page.link,googleopinionrewards.page.link,3.0,2.0,3.0,googleopinionrewards.page.link,ok,__NEXT_DATA__
https://www.trustpilot.com/review/microsoftrewards.com,microsoftrewards.com,1.6,159.0,1.5,microsoftrewards.com,ok,__NEXT_DATA__
https://www.trustpilot.com/review/usertesting.com,usertesting.com,4.5,3516.0,4.5,UserTesting,ok,__NEXT_DATA__
https://www.trustpilot.com/review/www.prolific.com,www.prolific.com,4.5,14693.0,4.5,Prolific,ok,__NEXT_DATA__
https://www.trustpilot.com/review/clickworker.com,clickworker.com,2.6,3137.0,2.5,clickworker,ok,__NEXT_DATA__
https://www.trustpilot.com/review/pineconeresearch.com,pineconeresearch.com,1.2,339.0,1.0,Pinecone research,ok,__NEXT_DATA__
https://www.trustpilot.com/review/www.surveyjunkie.com,www.surveyjunkie.com,3.5,44932.0,3.5,Survey Junkie,ok,__NEXT_DATA__
https://www.trustpilot.com/review/respondent.io,respondent.io,4.2,1390.0,4.0,Respondent,ok,__NEXT_DATA__
https://www.trustpilot.com/review/userinterviews.com,userinterviews.com,3.7,1211.0,3.5,User Interviews,ok,__NEXT_DATA__
https://www.trustpilot.com/review/2captcha.com,2captcha.com,4.0,2667.0,4.0,2captcha,ok,__NEXT_DATA__
https://www.trustpilot.com/review/yougov.com,yougov.com,4.5,112165.0,4.5,YouGov,ok,__NEXT_DATA__
https://www.trustpilot.com/review/surveys.gobranded.com,surveys.gobranded.com,4.2,121624.0,4.0,Branded Surveys,ok,__NEXT_DATA__
https://www.trustpilot.com/review/heycash.com,heycash.com,3.9,8005.0,4.0,HeyCash,ok,__NEXT_DATA__
https://www.trustpilot.com/review/www.swagbucks.com,www.swagbucks.com,4.0,43235.0,4.0,Swagbucks,ok,__NEXT_DATA__
https://www.trustpilot.com/review/nielsen.com,nielsen.com,4.7,1750.0,4.5, Nielsen Computer & Mobile Panel,ok,__NEXT_DATA__
https://www.trustpilot.com/review/www.mypoints.com,www.mypoints.com,4.2,25997.0,4.0,MyPoints.com,ok,__NEXT_DATA__
https://www.trustpilot.com/review/prizerebel.com,prizerebel.com,3.8,773.0,4.0,PrizeRebel,ok,__NEXT_DATA__
https://www.trustpilot.com/review/justplayapps.com,justplayapps.com,3.4,2018.0,3.5,JustPlay,ok,__NEXT_DATA__
https://www.trustpilot.com/review/jumptask.io,jumptask.io,4.2,5727.0,4.0,JumpTask,ok,__NEXT_DATA__
https://www.trustpilot.com/review/freecash.com,freecash.com,4.6,301356.0,4.5,Freecash,ok,__NEXT_DATA__
https://www.trustpilot.com/review/outlier.ai,outlier.ai,3.8,4426.0,4.0,Outlier,ok,__NEXT_DATA__
https://www.trustpilot.com/review/remotasks.com,remotasks.com,2.4,790.0,2.5,Remotasks,ok,__NEXT_DATA__
https://www.trustpilot.com/review/neevo.ai,neevo.ai,1.9,834.0,2.0,Neevo,ok,__NEXT_DATA__
https://www.trustpilot.com/review/babel.audio,babel.audio,3.8,96.0,4.0,Babel Audio,ok,__NEXT_DATA__
https://www.trustpilot.com/review/www.fiverr.com,www.fiverr.com,2.4,14772.0,2.5,Fiverr,ok,__NEXT_DATA__
https://www.trustpilot.com/review/www.foap.com,www.foap.com,2.2,47.0,2.0,Foap,ok,__NEXT_DATA__
https://www.trustpilot.com/review/mistplay.com,mistplay.com,4.1,5151.0,4.0,Mistplay,ok,__NEXT_DATA__
https://www.trustpilot.com/review/playtestcloud.com,playtestcloud.com,4.3,176.0,4.5,PlaytestCloud Playtesters App,ok,__NEXT_DATA__
https://www.trustpilot.com/review/attapoll.app,attapoll.app,2.1,238.0,2.0,Attapoll,ok,__NEXT_DATA__
https://www.trustpilot.com/review/5surveys.com,5surveys.com,1.5,137.0,1.5,5surveys,ok,__NEXT_DATA__
https://www.trustpilot.com/review/evidation.com,evidation.com,2.0,13.0,2.0,evidation.com,ok,__NEXT_DATA__
https://www.trustpilot.com/review/cashwalk.us,cashwalk.us,1.5,85.0,1.5,Cashwalk,ok,__NEXT_DATA__
https://www.trustpilot.com/review/earnapp.com,earnapp.com,4.3,838.0,4.5,Earnapp,ok,__NEXT_DATA__
https://www.trustpilot.com/review/honeygain.com,honeygain.com,4.5,22499.0,4.5,Honeygain,ok,__NEXT_DATA__
https://www.trustpilot.com/review/www.mobilexpression.com,www.mobilexpression.com,1.8,330.0,2.0,Mobilexpression,ok,__NEXT_DATA__
https://www.trustpilot.com/review/pawns.app,pawns.app,4.3,8465.0,4.5,Pawns.app,ok,__NEXT_DATA__
https://www.trustpilot.com/review/googleopinionrewards.page.link,googleopinionrewards.page.link,3.0,2.0,3.0,googleopinionrewards.page.link,ok,__NEXT_DATA__
https://www.trustpilot.com/review/microsoftrewards.com,microsoftrewards.com,1.6,160.0,1.5,microsoftrewards.com,ok,__NEXT_DATA__
https://www.trustpilot.com/review/usertesting.com,usertesting.com,4.5,3546.0,4.5,UserTesting,ok,__NEXT_DATA__
https://www.trustpilot.com/review/www.prolific.com,www.prolific.com,4.5,14745.0,4.5,Prolific,ok,__NEXT_DATA__
https://www.trustpilot.com/review/clickworker.com,clickworker.com,2.6,3140.0,2.5,clickworker,ok,__NEXT_DATA__
https://www.trustpilot.com/review/pineconeresearch.com,pineconeresearch.com,1.2,342.0,1.0,Pinecone research,ok,__NEXT_DATA__
https://www.trustpilot.com/review/www.surveyjunkie.com,www.surveyjunkie.com,3.5,44934.0,3.5,Survey Junkie,ok,__NEXT_DATA__
https://www.trustpilot.com/review/respondent.io,respondent.io,4.1,1400.0,4.0,Respondent,ok,__NEXT_DATA__
https://www.trustpilot.com/review/userinterviews.com,userinterviews.com,3.6,1216.0,3.5,User Interviews,ok,__NEXT_DATA__
https://www.trustpilot.com/review/2captcha.com,2captcha.com,4.0,2665.0,4.0,2captcha,ok,__NEXT_DATA__
https://www.trustpilot.com/review/yougov.com,yougov.com,4.5,112855.0,4.5,YouGov,ok,__NEXT_DATA__
https://www.trustpilot.com/review/surveys.gobranded.com,surveys.gobranded.com,4.2,121840.0,4.0,Branded Surveys,ok,__NEXT_DATA__
https://www.trustpilot.com/review/heycash.com,heycash.com,3.8,8047.0,4.0,HeyCash,ok,__NEXT_DATA__
https://www.trustpilot.com/review/www.swagbucks.com,www.swagbucks.com,4.0,43248.0,4.0,Swagbucks,ok,__NEXT_DATA__
https://www.trustpilot.com/review/nielsen.com,nielsen.com,4.7,1773.0,4.5, Nielsen Computer & Mobile Panel,ok,__NEXT_DATA__
https://www.trustpilot.com/review/www.mypoints.com,www.mypoints.com,4.2,25998.0,4.0,MyPoints.com,ok,__NEXT_DATA__
https://www.trustpilot.com/review/prizerebel.com,prizerebel.com,3.7,775.0,3.5,PrizeRebel,ok,__NEXT_DATA__
https://www.trustpilot.com/review/justplayapps.com,justplayapps.com,3.3,2029.0,3.5,JustPlay,ok,__NEXT_DATA__
https://www.trustpilot.com/review/jumptask.io,jumptask.io,4.2,5729.0,4.0,JumpTask,ok,__NEXT_DATA__
https://www.trustpilot.com/review/freecash.com,freecash.com,4.6,302123.0,4.5,Freecash,ok,__NEXT_DATA__
https://www.trustpilot.com/review/outlier.ai,outlier.ai,3.8,4436.0,4.0,Outlier,ok,__NEXT_DATA__
https://www.trustpilot.com/review/remotasks.com,remotasks.com,2.4,792.0,2.5,Remotasks,ok,__NEXT_DATA__
https://www.trustpilot.com/review/neevo.ai,neevo.ai,1.9,834.0,2.0,Neevo,ok,__NEXT_DATA__
https://www.trustpilot.com/review/babel.audio,babel.audio,3.8,96.0,4.0,Babel Audio,ok,__NEXT_DATA__
https://www.trustpilot.com/review/www.fiverr.com,www.fiverr.com,2.4,14783.0,2.5,Fiverr,ok,__NEXT_DATA__
https://www.trustpilot.com/review/www.foap.com,www.foap.com,2.2,47.0,2.0,Foap,ok,__NEXT_DATA__
https://www.trustpilot.com/review/mistplay.com,mistplay.com,4.1,5204.0,4.0,Mistplay,ok,__NEXT_DATA__
https://www.trustpilot.com/review/playtestcloud.com,playtestcloud.com,4.3,176.0,4.5,PlaytestCloud Playtesters App,ok,__NEXT_DATA__
https://www.trustpilot.com/review/attapoll.app,attapoll.app,2.0,237.0,2.0,Attapoll,ok,__NEXT_DATA__
https://www.trustpilot.com/review/5surveys.com,5surveys.com,1.5,137.0,1.5,5surveys,ok,__NEXT_DATA__
https://www.trustpilot.com/review/evidation.com,evidation.com,2.0,13.0,2.0,evidation.com,ok,__NEXT_DATA__
https://www.trustpilot.com/review/cashwalk.us,cashwalk.us,1.5,85.0,1.5,Cashwalk,ok,__NEXT_DATA__
https://www.trustpilot.com/review/earnapp.com,earnapp.com,4.3,837.0,4.5,Earnapp,ok,__NEXT_DATA__
https://www.trustpilot.com/review/honeygain.com,honeygain.com,4.5,22509.0,4.5,Honeygain,ok,__NEXT_DATA__
https://www.trustpilot.com/review/www.mobilexpression.com,www.mobilexpression.com,1.8,331.0,2.0,Mobilexpression,ok,__NEXT_DATA__
https://www.trustpilot.com/review/pawns.app,pawns.app,4.3,8483.0,4.5,Pawns.app,ok,__NEXT_DATA__
https://www.trustpilot.com/review/googleopinionrewards.page.link,googleopinionrewards.page.link,2.8,3.0,3.0,googleopinionrewards.page.link,ok,__NEXT_DATA__
https://www.trustpilot.com/review/microsoftrewards.com,microsoftrewards.com,1.6,160.0,1.5,microsoftrewards.com,ok,__NEXT_DATA__
https://www.trustpilot.com/review/usertesting.com,usertesting.com,4.5,3574.0,4.5,UserTesting,ok,__NEXT_DATA__
https://www.trustpilot.com/review/www.prolific.com,www.prolific.com,4.5,14791.0,4.5,Prolific,ok,__NEXT_DATA__
https://www.trustpilot.com/review/clickworker.com,clickworker.com,2.6,3143.0,2.5,clickworker,ok,__NEXT_DATA__
https://www.trustpilot.com/review/pineconeresearch.com,pineconeresearch.com,1.3,348.0,1.5,Pinecone research,ok,__NEXT_DATA__
https://www.trustpilot.com/review/www.surveyjunkie.com,www.surveyjunkie.com,3.4,44941.0,3.5,Survey Junkie,ok,__NEXT_DATA__
https://www.trustpilot.com/review/respondent.io,respondent.io,4.1,1404.0,4.0,Respondent,ok,__NEXT_DATA__
https://www.trustpilot.com/review/userinterviews.com,userinterviews.com,3.6,1221.0,3.5,User Interviews,ok,__NEXT_DATA__
https://www.trustpilot.com/review/2captcha.com,2captcha.com,4.0,2667.0,4.0,2captcha,ok,__NEXT_DATA__
https://www.trustpilot.com/review/yougov.com,yougov.com,4.5,113577.0,4.5,YouGov,ok,__NEXT_DATA__
https://www.trustpilot.com/review/surveys.gobranded.com,surveys.gobranded.com,4.2,122067.0,4.0,Branded Surveys,ok,__NEXT_DATA__
https://www.trustpilot.com/review/heycash.com,heycash.com,3.8,8087.0,4.0,HeyCash,ok,__NEXT_DATA__
https://www.trustpilot.com/review/www.swagbucks.com,www.swagbucks.com,4.0,43268.0,4.0,Swagbucks,ok,__NEXT_DATA__
https://www.trustpilot.com/review/nielsen.com,nielsen.com,4.7,1774.0,4.5, Nielsen Computer & Mobile Panel,ok,__NEXT_DATA__
https://www.trustpilot.com/review/www.mypoints.com,www.mypoints.com,4.2,25993.0,4.0,MyPoints.com,ok,__NEXT_DATA__
https://www.trustpilot.com/review/prizerebel.com,prizerebel.com,3.7,776.0,3.5,PrizeRebel,ok,__NEXT_DATA__
https://www.trustpilot.com/review/justplayapps.com,justplayapps.com,3.3,2045.0,3.5,JustPlay,ok,__NEXT_DATA__
https://www.trustpilot.com/review/jumptask.io,jumptask.io,4.2,5729.0,4.0,JumpTask,ok,__NEXT_DATA__
https://www.trustpilot.com/review/freecash.com,freecash.com,4.6,305182.0,4.5,Freecash,ok,__NEXT_DATA__
https://www.trustpilot.com/review/outlier.ai,outlier.ai,3.8,4534.0,4.0,Outlier,ok,__NEXT_DATA__
https://www.trustpilot.com/review/remotasks.com,remotasks.com,2.3,796.0,2.5,Remotasks,ok,__NEXT_DATA__
https://www.trustpilot.com/review/neevo.ai,neevo.ai,1.9,834.0,2.0,Neevo,ok,__NEXT_DATA__
https://www.trustpilot.com/review/babel.audio,babel.audio,3.8,96.0,4.0,Babel Audio,ok,__NEXT_DATA__
https://www.trustpilot.com/review/www.fiverr.com,www.fiverr.com,2.4,14805.0,2.5,Fiverr,ok,__NEXT_DATA__
https://www.trustpilot.com/review/www.foap.com,www.foap.com,2.2,47.0,2.0,Foap,ok,__NEXT_DATA__
https://www.trustpilot.com/review/mistplay.com,mistplay.com,4.1,5246.0,4.0,Mistplay,ok,__NEXT_DATA__
https://www.trustpilot.com/review/playtestcloud.com,playtestcloud.com,4.3,179.0,4.5,PlaytestCloud Playtesters App,ok,__NEXT_DATA__
https://www.trustpilot.com/review/attapoll.app,attapoll.app,1.9,237.0,2.0,Attapoll,ok,__NEXT_DATA__
https://www.trustpilot.com/review/5surveys.com,5surveys.com,1.5,138.0,1.5,5surveys,ok,__NEXT_DATA__
https://www.trustpilot.com/review/evidation.com,evidation.com,2.0,13.0,2.0,evidation.com,ok,__NEXT_DATA__
https://www.trustpilot.com/review/cashwalk.us,cashwalk.us,1.7,86.0,1.5,Cashwalk,ok,__NEXT_DATA__
https://www.trustpilot.com/review/earnapp.com,earnapp.com,4.3,838.0,4.5,Earnapp,ok,__NEXT_DATA__
https://www.trustpilot.com/review/honeygain.com,honeygain.com,4.5,22526.0,4.5,Honeygain,ok,__NEXT_DATA__
https://www.trustpilot.com/review/www.mobilexpression.com,www.mobilexpression.com,1.8,331.0,2.0,Mobilexpression,ok,__NEXT_DATA__
https://www.trustpilot.com/review/pawns.app,pawns.app,4.3,8509.0,4.5,Pawns.app,ok,__NEXT_DATA__
https://www.trustpilot.com/review/googleopinionrewards.page.link,googleopinionrewards.page.link,2.8,3.0,3.0,googleopinionrewards.page.link,ok,__NEXT_DATA__
https://www.trustpilot.com/review/microsoftrewards.com,microsoftrewards.com,1.6,160.0,1.5,microsoftrewards.com,ok,__NEXT_DATA__
https://www.trustpilot.com/review/usertesting.com,usertesting.com,4.5,3604.0,4.5,UserTesting,ok,__NEXT_DATA__
https://www.trustpilot.com/review/www.prolific.com,www.prolific.com,4.5,14848.0,4.5,Prolific,ok,__NEXT_DATA__
https://www.trustpilot.com/review/clickworker.com,clickworker.com,2.6,3142.0,2.5,clickworker,ok,__NEXT_DATA__
https://www.trustpilot.com/review/pineconeresearch.com,pineconeresearch.com,1.3,351.0,1.5,Pinecone research,ok,__NEXT_DATA__
https://www.trustpilot.com/review/www.surveyjunkie.com,www.surveyjunkie.com,3.4,44943.0,3.5,Survey Junkie,ok,__NEXT_DATA__
https://www.trustpilot.com/review/respondent.io,respondent.io,4.1,1409.0,4.0,Respondent,ok,__NEXT_DATA__
https://www.trustpilot.com/review/userinterviews.com,userinterviews.com,3.6,1223.0,3.5,User Interviews,ok,__NEXT_DATA__
https://www.trustpilot.com/review/2captcha.com,2captcha.com,4.0,2667.0,4.0,2captcha,ok,__NEXT_DATA__
https://www.trustpilot.com/review/yougov.com,yougov.com,4.5,114235.0,4.5,YouGov,ok,__NEXT_DATA__
https://www.trustpilot.com/review/surveys.gobranded.com,surveys.gobranded.com,4.2,122281.0,4.0,Branded Surveys,ok,__NEXT_DATA__
https://www.trustpilot.com/review/heycash.com,heycash.com,3.8,8113.0,4.0,HeyCash,ok,__NEXT_DATA__
https://www.trustpilot.com/review/www.swagbucks.com,www.swagbucks.com,4.0,43283.0,4.0,Swagbucks,ok,__NEXT_DATA__
https://www.trustpilot.com/review/nielsen.com,nielsen.com,4.7,1771.0,4.5, Nielsen Computer & Mobile Panel,ok,__NEXT_DATA__
https://www.trustpilot.com/review/www.mypoints.com,www.mypoints.com,4.2,25994.0,4.0,MyPoints.com,ok,__NEXT_DATA__
https://www.trustpilot.com/review/prizerebel.com,prizerebel.com,3.6,782.0,3.5,PrizeRebel,ok,__NEXT_DATA__
https://www.trustpilot.com/review/justplayapps.com,justplayapps.com,3.3,2051.0,3.5,JustPlay,ok,__NEXT_DATA__
https://www.trustpilot.com/review/jumptask.io,jumptask.io,4.2,5732.0,4.0,JumpTask,ok,__NEXT_DATA__
https://www.trustpilot.com/review/freecash.com,freecash.com,4.6,308760.0,4.5,Freecash,ok,__NEXT_DATA__
https://www.trustpilot.com/review/outlier.ai,outlier.ai,3.8,4545.0,4.0,Outlier,ok,__NEXT_DATA__
https://www.trustpilot.com/review/remotasks.com,remotasks.com,2.3,797.0,2.5,Remotasks,ok,__NEXT_DATA__
https://www.trustpilot.com/review/neevo.ai,neevo.ai,1.9,834.0,2.0,Neevo,ok,__NEXT_DATA__
https://www.trustpilot.com/review/babel.audio,babel.audio,3.7,98.0,3.5,Babel Audio,ok,__NEXT_DATA__
https://www.trustpilot.com/review/www.fiverr.com,www.fiverr.com,2.3,14823.0,2.5,Fiverr,ok,__NEXT_DATA__
https://www.trustpilot.com/review/www.foap.com,www.foap.com,2.2,47.0,2.0,Foap,ok,__NEXT_DATA__
https://www.trustpilot.com/review/mistplay.com,mistplay.com,4.1,5306.0,4.0,Mistplay,ok,__NEXT_DATA__
https://www.trustpilot.com/review/playtestcloud.com,playtestcloud.com,4.3,184.0,4.5,PlaytestCloud Playtesters App,ok,__NEXT_DATA__
https://www.trustpilot.com/review/attapoll.app,attapoll.app,1.9,239.0,2.0,Attapoll,ok,__NEXT_DATA__
https://www.trustpilot.com/review/5surveys.com,5surveys.com,1.5,139.0,1.5,5surveys,ok,__NEXT_DATA__
https://www.trustpilot.com/review/evidation.com,evidation.com,2.0,13.0,2.0,evidation.com,ok,__NEXT_DATA__
https://www.trustpilot.com/review/cashwalk.us,cashwalk.us,1.7,86.0,1.5,Cashwalk,ok,__NEXT_DATA__
https://www.trustpilot.com/review/earnapp.com,earnapp.com,4.3,841.0,4.5,Earnapp,ok,__NEXT_DATA__
https://www.trustpilot.com/review/honeygain.com,honeygain.com,4.5,22537.0,4.5,Honeygain,ok,__NEXT_DATA__
https://www.trustpilot.com/review/www.mobilexpression.com,www.mobilexpression.com,2.0,331.0,2.0,Mobilexpression,ok,__NEXT_DATA__
https://www.trustpilot.com/review/pawns.app,pawns.app,4.3,8524.0,4.5,Pawns.app,ok,__NEXT_DATA__
https://www.trustpilot.com/review/googleopinionrewards.page.link,googleopinionrewards.page.link,2.8,3.0,3.0,googleopinionrewards.page.link,ok,__NEXT_DATA__
https://www.trustpilot.com/review/microsoftrewards.com,microsoftrewards.com,1.6,162.0,1.5,microsoftrewards.com,ok,__NEXT_DATA__
https://www.trustpilot.com/review/usertesting.com,usertesting.com,4.5,3635.0,4.5,UserTesting,ok,__NEXT_DATA__
https://www.trustpilot.com/review/www.prolific.com,www.prolific.com,4.5,14911.0,4.5,Prolific,ok,__NEXT_DATA__
https://www.trustpilot.com/review/clickworker.com,clickworker.com,2.5,3148.0,2.5,clickworker,ok,__NEXT_DATA__
https://www.trustpilot.com/review/pineconeresearch.com,pineconeresearch.com,1.3,354.0,1.5,Pinecone research,ok,__NEXT_DATA__
https://www.trustpilot.com/review/www.surveyjunkie.com,www.surveyjunkie.com,3.4,44948.0,3.5,Survey Junkie,ok,__NEXT_DATA__
https://www.trustpilot.com/review/respondent.io,respondent.io,4.1,1411.0,4.0,Respondent,ok,__NEXT_DATA__
https://www.trustpilot.com/review/userinterviews.com,userinterviews.com,3.5,1227.0,3.5,User Interviews,ok,__NEXT_DATA__
https://www.trustpilot.com/review/2captcha.com,2captcha.com,4.0,2668.0,4.0,2captcha,ok,__NEXT_DATA__
https://www.trustpilot.com/review/yougov.com,yougov.com,4.5,114859.0,4.5,YouGov,ok,__NEXT_DATA__
https://www.trustpilot.com/review/surveys.gobranded.com,surveys.gobranded.com,4.2,122513.0,4.0,Branded Surveys,ok,__NEXT_DATA__
https://www.trustpilot.com/review/heycash.com,heycash.com,3.8,8149.0,4.0,HeyCash,ok,__NEXT_DATA__
https://www.trustpilot.com/review/www.swagbucks.com,www.swagbucks.com,4.0,43295.0,4.0,Swagbucks,ok,__NEXT_DATA__
https://www.trustpilot.com/review/nielsen.com,nielsen.com,4.7,1771.0,4.5, Nielsen Computer & Mobile Panel,ok,__NEXT_DATA__
https://www.trustpilot.com/review/www.mypoints.com,www.mypoints.com,4.2,25993.0,4.0,MyPoints.com,ok,__NEXT_DATA__
https://www.trustpilot.com/review/prizerebel.com,prizerebel.com,3.6,782.0,3.5,PrizeRebel,ok,__NEXT_DATA__
https://www.trustpilot.com/review/justplayapps.com,justplayapps.com,3.3,2067.0,3.5,JustPlay,ok,__NEXT_DATA__
https://www.trustpilot.com/review/jumptask.io,jumptask.io,4.1,5735.0,4.0,JumpTask,ok,__NEXT_DATA__
https://www.trustpilot.com/review/freecash.com,freecash.com,4.6,311953.0,4.5,Freecash,ok,__NEXT_DATA__
https://www.trustpilot.com/review/outlier.ai,outlier.ai,3.8,4557.0,4.0,Outlier,ok,__NEXT_DATA__
https://www.trustpilot.com/review/remotasks.com,remotasks.com,2.3,798.0,2.5,Remotasks,ok,__NEXT_DATA__
https://www.trustpilot.com/review/neevo.ai,neevo.ai,1.9,834.0,2.0,Neevo,ok,__NEXT_DATA__
https://www.trustpilot.com/review/babel.audio,babel.audio,3.8,97.0,4.0,Babel Audio,ok,__NEXT_DATA__
https://www.trustpilot.com/review/www.fiverr.com,www.fiverr.com,2.3,14838.0,2.5,Fiverr,ok,__NEXT_DATA__
https://www.trustpilot.com/review/www.foap.com,www.foap.com,2.2,47.0,2.0,Foap,ok,__NEXT_DATA__
https://www.trustpilot.com/review/mistplay.com,mistplay.com,4.1,5352.0,4.0,Mistplay,ok,__NEXT_DATA__
https://www.trustpilot.com/review/playtestcloud.com,playtestcloud.com,4.3,187.0,4.5,PlaytestCloud Playtesters App,ok,__NEXT_DATA__
https://www.trustpilot.com/review/attapoll.app,attapoll.app,1.8,242.0,2.0,Attapoll,ok,__NEXT_DATA__
https://www.trustpilot.com/review/5surveys.com,5surveys.com,1.5,139.0,1.5,5surveys,ok,__NEXT_DATA__
https://www.trustpilot.com/review/evidation.com,evidation.com,2.0,13.0,2.0,evidation.com,ok,__NEXT_DATA__
https://www.trustpilot.com/review/cashwalk.us,cashwalk.us,1.7,86.0,1.5,Cashwalk,ok,__NEXT_DATA__
https://www.trustpilot.com/review/earnapp.com,earnapp.com,4.3,843.0,4.5,Earnapp,ok,__NEXT_DATA__
https://www.trustpilot.com/review/honeygain.com,honeygain.com,4.5,22557.0,4.5,Honeygain,ok,__NEXT_DATA__
https://www.trustpilot.com/review/www.mobilexpression.com,www.mobilexpression.com,2.0,331.0,2.0,Mobilexpression,ok,__NEXT_DATA__
https://www.trustpilot.com/review/pawns.app,pawns.app,4.3,8540.0,4.5,Pawns.app,ok,__NEXT_DATA__
https://www.trustpilot.com/review/googleopinionrewards.page.link,googleopinionrewards.page.link,2.8,3.0,3.0,googleopinionrewards.page.link,ok,__NEXT_DATA__
https://www.trustpilot.com/review/microsoftrewards.com,microsoftrewards.com,1.6,162.0,1.5,microsoftrewards.com,ok,__NEXT_DATA__
https://www.trustpilot.com/review/usertesting.com,usertesting.com,4.5,3665.0,4.5,UserTesting,ok,__NEXT_DATA__
https://www.trustpilot.com/review/www.prolific.com,www.prolific.com,4.5,14958.0,4.5,Prolific,ok,__NEXT_DATA__
https://www.trustpilot.com/review/clickworker.com,clickworker.com,2.6,3153.0,2.5,clickworker,ok,__NEXT_DATA__
https://www.trustpilot.com/review/pineconeresearch.com,pineconeresearch.com,1.3,355.0,1.5,Pinecone research,ok,__NEXT_DATA__
https://www.trustpilot.com/review/www.surveyjunkie.com,www.surveyjunkie.com,3.4,44950.0,3.5,Survey Junkie,ok,__NEXT_DATA__
https://www.trustpilot.com/review/respondent.io,respondent.io,4.1,1415.0,4.0,Respondent,ok,__NEXT_DATA__
https://www.trustpilot.com/review/userinterviews.com,userinterviews.com,3.5,1231.0,3.5,User Interviews,ok,__NEXT_DATA__
https://www.trustpilot.com/review/2captcha.com,2captcha.com,4.0,2671.0,4.0,2captcha,ok,__NEXT_DATA__
https://www.trustpilot.com/review/yougov.com,yougov.com,4.5,115420.0,4.5,YouGov,ok,__NEXT_DATA__
https://www.trustpilot.com/review/surveys.gobranded.com,surveys.gobranded.com,4.2,122765.0,4.0,Branded Surveys,ok,__NEXT_DATA__
https://www.trustpilot.com/review/heycash.com,heycash.com,3.8,8184.0,4.0,HeyCash,ok,__NEXT_DATA__
https://www.trustpilot.com/review/www.swagbucks.com,www.swagbucks.com,4.0,43308.0,4.0,Swagbucks,ok,__NEXT_DATA__
https://www.trustpilot.com/review/nielsen.com,nielsen.com,4.7,1774.0,4.5, Nielsen Computer & Mobile Panel,ok,__NEXT_DATA__
https://www.trustpilot.com/review/www.mypoints.com,www.mypoints.com,4.2,25993.0,4.0,MyPoints.com,ok,__NEXT_DATA__
https://www.trustpilot.com/review/prizerebel.com,prizerebel.com,3.6,782.0,3.5,PrizeRebel,ok,__NEXT_DATA__
https://www.trustpilot.com/review/justplayapps.com,justplayapps.com,3.2,2083.0,3.0,JustPlay,ok,__NEXT_DATA__
https://www.trustpilot.com/review/jumptask.io,jumptask.io,4.1,5739.0,4.0,JumpTask,ok,__NEXT_DATA__
https://www.trustpilot.com/review/freecash.com,freecash.com,4.6,315347.0,4.5,Freecash,ok,__NEXT_DATA__
https://www.trustpilot.com/review/outlier.ai,outlier.ai,3.8,4571.0,4.0,Outlier,ok,__NEXT_DATA__
https://www.trustpilot.com/review/remotasks.com,remotasks.com,2.3,799.0,2.5,Remotasks,ok,__NEXT_DATA__
https://www.trustpilot.com/review/neevo.ai,neevo.ai,1.9,834.0,2.0,Neevo,ok,__NEXT_DATA__
https://www.trustpilot.com/review/babel.audio,babel.audio,3.7,98.0,3.5,Babel Audio,ok,__NEXT_DATA__
https://www.trustpilot.com/review/www.fiverr.com,www.fiverr.com,2.3,14845.0,2.5,Fiverr,ok,__NEXT_DATA__
https://www.trustpilot.com/review/www.foap.com,www.foap.com,2.2,47.0,2.0,Foap,ok,__NEXT_DATA__
https://www.trustpilot.com/review/mistplay.com,mistplay.com,4.1,5390.0,4.0,Mistplay,ok,__NEXT_DATA__
https://www.trustpilot.com/review/playtestcloud.com,playtestcloud.com,4.3,189.0,4.5,PlaytestCloud Playtesters App,ok,__NEXT_DATA__
https://www.trustpilot.com/review/attapoll.app,attapoll.app,1.8,245.0,2.0,Attapoll,ok,__NEXT_DATA__
https://www.trustpilot.com/review/5surveys.com,5surveys.com,1.5,140.0,1.5,5surveys,ok,__NEXT_DATA__
https://www.trustpilot.com/review/evidation.com,evidation.com,2.0,13.0,2.0,evidation.com,ok,__NEXT_DATA__
https://www.trustpilot.com/review/cashwalk.us,cashwalk.us,1.7,86.0,1.5,Cashwalk,ok,__NEXT_DATA__
https://www.trustpilot.com/review/earnapp.com,earnapp.com,4.3,843.0,4.5,Earnapp,ok,__NEXT_DATA__
https://www.trustpilot.com/review/honeygain.com,honeygain.com,4.5,22517.0,4.5,Honeygain,ok,__NEXT_DATA__
https://www.trustpilot.com/review/www.mobilexpression.com,www.mobilexpression.com,2.0,331.0,2.0,Mobilexpression,ok,__NEXT_DATA__
https://www.trustpilot.com/review/pawns.app,pawns.app,4.3,8560.0,4.5,Pawns.app,ok,__NEXT_DATA__
https://www.trustpilot.com/review/googleopinionrewards.page.link,googleopinionrewards.page.link,2.8,3.0,3.0,googleopinionrewards.page.link,ok,__NEXT_DATA__
https://www.trustpilot.com/review/microsoftrewards.com,microsoftrewards.com,1.6,162.0,1.5,microsoftrewards.com,ok,__NEXT_DATA__
https://www.trustpilot.com/review/usertesting.com,usertesting.com,4.4,3712.0,4.5,UserTesting,ok,__NEXT_DATA__
https://www.trustpilot.com/review/www.prolific.com,www.prolific.com,4.5,15035.0,4.5,Prolific,ok,__NEXT_DATA__
https://www.trustpilot.com/review/clickworker.com,clickworker.com,2.5,3156.0,2.5,clickworker,ok,__NEXT_DATA__
https://www.trustpilot.com/review/pineconeresearch.com,pineconeresearch.com,1.3,356.0,1.5,Pinecone research,ok,__NEXT_DATA__
https://www.trustpilot.com/review/www.surveyjunkie.com,www.surveyjunkie.com,3.3,44895.0,3.5,Survey Junkie,ok,__NEXT_DATA__
https://www.trustpilot.com/review/respondent.io,respondent.io,4.1,1423.0,4.0,Respondent,ok,__NEXT_DATA__
https://www.trustpilot.com/review/userinterviews.com,userinterviews.com,3.5,1237.0,3.5,User Interviews,ok,__NEXT_DATA__
https://www.trustpilot.com/review/2captcha.com,2captcha.com,4.0,2675.0,4.0,2captcha,ok,__NEXT_DATA__
https://www.trustpilot.com/review/yougov.com,yougov.com,4.5,115949.0,4.5,YouGov,ok,__NEXT_DATA__
https://www.trustpilot.com/review/surveys.gobranded.com,surveys.gobranded.com,4.2,123032.0,4.0,Branded Surveys,ok,__NEXT_DATA__
https://www.trustpilot.com/review/heycash.com,heycash.com,3.8,8215.0,4.0,HeyCash,ok,__NEXT_DATA__
https://www.trustpilot.com/review/www.swagbucks.com,www.swagbucks.com,4.0,43311.0,4.0,Swagbucks,ok,__NEXT_DATA__
https://www.trustpilot.com/review/nielsen.com,nielsen.com,4.7,1774.0,4.5, Nielsen Computer & Mobile Panel,ok,__NEXT_DATA__
https://www.trustpilot.com/review/www.mypoints.com,www.mypoints.com,4.2,25995.0,4.0,MyPoints.com,ok,__NEXT_DATA__
https://www.trustpilot.com/review/prizerebel.com,prizerebel.com,3.6,783.0,3.5,PrizeRebel,ok,__NEXT_DATA__
https://www.trustpilot.com/review/justplayapps.com,justplayapps.com,3.2,2102.0,3.0,JustPlay,ok,__NEXT_DATA__
https://www.trustpilot.com/review/jumptask.io,jumptask.io,4.1,5742.0,4.0,JumpTask,ok,__NEXT_DATA__
